-- Data for APP_USERS
INSERT INTO APP_USERS ("ID", "USERNAME", "FULL_NAME", "EMAIL", "PHONE", "STATUS", "CREATED_AT", "UPDATED_AT", "PASSWORD", "ROLE") VALUES (102,'adminnk','aaa','buidaiphu8@gmail.combuidaip','0812956788','ACTIVE',TO_TIMESTAMP('2026-07-02 04:51:31.265343', 'YYYY-MM-DD HH24:MI:SS.FF6'),TO_TIMESTAMP('2026-07-02 06:29:55.066488', 'YYYY-MM-DD HH24:MI:SS.FF6'),'$2a$12$REkZNAUGXMI9ksi/S6LBPORcVI3Jr3FFKGULWjjTkaXq9R95UprWu','ADMIN');
-- Data for APP_USER_ADDRESSES
INSERT INTO APP_USER_ADDRESSES ("ID", "USER_ID", "RECEIVER_NAME", "RECEIVER_PHONE", "PROVINCE", "DISTRICT", "WARD", "STREET_DETAIL", "IS_DEFAULT") VALUES (41,102,'c:/Windows/system.ini','0812956700','sadsad','á','sa','sds',0);
INSERT INTO APP_USER_ADDRESSES ("ID", "USER_ID", "RECEIVER_NAME", "RECEIVER_PHONE", "PROVINCE", "DISTRICT", "WARD", "STREET_DETAIL", "IS_DEFAULT") VALUES (44,102,'..\..\..\..\..\..\..\..\..\..\..\..\..\..\..\..\Windows\system.ini','0812956700','sadsad','á','sa','sds',0);
INSERT INTO APP_USER_ADDRESSES ("ID", "USER_ID", "RECEIVER_NAME", "RECEIVER_PHONE", "PROVINCE", "DISTRICT", "WARD", "STREET_DETAIL", "IS_DEFAULT") VALUES (43,102,'c:\Windows\system.ini','0812956700','sadsad','á','sa','sds',0);
INSERT INTO APP_USER_ADDRESSES ("ID", "USER_ID", "RECEIVER_NAME", "RECEIVER_PHONE", "PROVINCE", "DISTRICT", "WARD", "STREET_DETAIL", "IS_DEFAULT") VALUES (45,102,'/etc/passwd','0812956700','sadsad','á','sa','sds',1);
INSERT INTO APP_USER_ADDRESSES ("ID", "USER_ID", "RECEIVER_NAME", "RECEIVER_PHONE", "PROVINCE", "DISTRICT", "WARD", "STREET_DETAIL", "IS_DEFAULT") VALUES (42,102,'../../../../../../../../../../../../../../../../Windows/system.ini','0812956700','sadsad','á','sa','sds',0);
-- Data for APP_CATEGORIES
INSERT INTO APP_CATEGORIES ("ID", "NAME", "CODE", "DESCRIPTION", "CREATED_AT", "UPDATED_AT") VALUES (4,'sassd','sdsdsd','dfdfdf',TO_TIMESTAMP('2026-06-30 01:57:05.873556', 'YYYY-MM-DD HH24:MI:SS.FF6'),TO_TIMESTAMP('2026-06-30 01:57:05.873556', 'YYYY-MM-DD HH24:MI:SS.FF6'));
INSERT INTO APP_CATEGORIES ("ID", "NAME", "CODE", "DESCRIPTION", "CREATED_AT", "UPDATED_AT") VALUES (22,'ZAP','url=''http://6543423400418102621.owasp.org''','Zaproxy alias impedit expedita quisquam pariatur exercitationem. Nemo rerum eveniet dolores rem quia dignissimos.',TO_TIMESTAMP('2026-06-30 03:49:43.778173', 'YYYY-MM-DD HH24:MI:SS.FF6'),TO_TIMESTAMP('2026-06-30 03:49:43.778173', 'YYYY-MM-DD HH24:MI:SS.FF6'));
INSERT INTO APP_CATEGORIES ("ID", "NAME", "CODE", "DESCRIPTION", "CREATED_AT", "UPDATED_AT") VALUES (27,'ZAP','<!--#exec cmd="ls /"-->','Zaproxy alias impedit expedita quisquam pariatur exercitationem. Nemo rerum eveniet dolores rem quia dignissimos.',TO_TIMESTAMP('2026-06-30 03:52:14.426459', 'YYYY-MM-DD HH24:MI:SS.FF6'),TO_TIMESTAMP('2026-06-30 03:52:14.426459', 'YYYY-MM-DD HH24:MI:SS.FF6'));
INSERT INTO APP_CATEGORIES ("ID", "NAME", "CODE", "DESCRIPTION", "CREATED_AT", "UPDATED_AT") VALUES (30,'ZAP','"><!--#exec cmd="dir \"--><','Zaproxy alias impedit expedita quisquam pariatur exercitationem. Nemo rerum eveniet dolores rem quia dignissimos.',TO_TIMESTAMP('2026-06-30 03:52:14.775454', 'YYYY-MM-DD HH24:MI:SS.FF6'),TO_TIMESTAMP('2026-06-30 03:52:14.775454', 'YYYY-MM-DD HH24:MI:SS.FF6'));
INSERT INTO APP_CATEGORIES ("ID", "NAME", "CODE", "DESCRIPTION", "CREATED_AT", "UPDATED_AT") VALUES (37,'ZAP','zappx8ss','Zaproxy alias impedit expedita quisquam pariatur exercitationem. Nemo rerum eveniet dolores rem quia dignissimos.',TO_TIMESTAMP('2026-06-30 03:54:58.371889', 'YYYY-MM-DD HH24:MI:SS.FF6'),TO_TIMESTAMP('2026-06-30 03:54:58.371889', 'YYYY-MM-DD HH24:MI:SS.FF6'));
INSERT INTO APP_CATEGORIES ("ID", "NAME", "CODE", "DESCRIPTION", "CREATED_AT", "UPDATED_AT") VALUES (42,'ZAP','zap waitfor delay ''0:0:15'' --','Zaproxy alias impedit expedita quisquam pariatur exercitationem. Nemo rerum eveniet dolores rem quia dignissimos.',TO_TIMESTAMP('2026-06-30 04:03:28.754961', 'YYYY-MM-DD HH24:MI:SS.FF6'),TO_TIMESTAMP('2026-06-30 04:03:28.754961', 'YYYY-MM-DD HH24:MI:SS.FF6'));
INSERT INTO APP_CATEGORIES ("ID", "NAME", "CODE", "DESCRIPTION", "CREATED_AT", "UPDATED_AT") VALUES (43,'ZAP','zap'' waitfor delay ''0:0:15'' --','Zaproxy alias impedit expedita quisquam pariatur exercitationem. Nemo rerum eveniet dolores rem quia dignissimos.',TO_TIMESTAMP('2026-06-30 04:03:28.802344', 'YYYY-MM-DD HH24:MI:SS.FF6'),TO_TIMESTAMP('2026-06-30 04:03:28.802344', 'YYYY-MM-DD HH24:MI:SS.FF6'));
INSERT INTO APP_CATEGORIES ("ID", "NAME", "CODE", "DESCRIPTION", "CREATED_AT", "UPDATED_AT") VALUES (44,'ZAP','zap" waitfor delay ''0:0:15'' --','Zaproxy alias impedit expedita quisquam pariatur exercitationem. Nemo rerum eveniet dolores rem quia dignissimos.',TO_TIMESTAMP('2026-06-30 04:03:28.916218', 'YYYY-MM-DD HH24:MI:SS.FF6'),TO_TIMESTAMP('2026-06-30 04:03:28.916218', 'YYYY-MM-DD HH24:MI:SS.FF6'));
INSERT INTO APP_CATEGORIES ("ID", "NAME", "CODE", "DESCRIPTION", "CREATED_AT", "UPDATED_AT") VALUES (45,'ZAP','zap) waitfor delay ''0:0:15'' --','Zaproxy alias impedit expedita quisquam pariatur exercitationem. Nemo rerum eveniet dolores rem quia dignissimos.',TO_TIMESTAMP('2026-06-30 04:03:29.009396', 'YYYY-MM-DD HH24:MI:SS.FF6'),TO_TIMESTAMP('2026-06-30 04:03:29.009396', 'YYYY-MM-DD HH24:MI:SS.FF6'));
INSERT INTO APP_CATEGORIES ("ID", "NAME", "CODE", "DESCRIPTION", "CREATED_AT", "UPDATED_AT") VALUES (46,'ZAP','zap) '' waitfor delay ''0:0:15'' --','Zaproxy alias impedit expedita quisquam pariatur exercitationem. Nemo rerum eveniet dolores rem quia dignissimos.',TO_TIMESTAMP('2026-06-30 04:03:29.043940', 'YYYY-MM-DD HH24:MI:SS.FF6'),TO_TIMESTAMP('2026-06-30 04:03:29.043940', 'YYYY-MM-DD HH24:MI:SS.FF6'));
INSERT INTO APP_CATEGORIES ("ID", "NAME", "CODE", "DESCRIPTION", "CREATED_AT", "UPDATED_AT") VALUES (47,'ZAP','zap) " waitfor delay ''0:0:15'' --','Zaproxy alias impedit expedita quisquam pariatur exercitationem. Nemo rerum eveniet dolores rem quia dignissimos.',TO_TIMESTAMP('2026-06-30 04:03:29.070271', 'YYYY-MM-DD HH24:MI:SS.FF6'),TO_TIMESTAMP('2026-06-30 04:03:29.070271', 'YYYY-MM-DD HH24:MI:SS.FF6'));
INSERT INTO APP_CATEGORIES ("ID", "NAME", "CODE", "DESCRIPTION", "CREATED_AT", "UPDATED_AT") VALUES (48,'ZAP','zap)) waitfor delay ''0:0:15'' --','Zaproxy alias impedit expedita quisquam pariatur exercitationem. Nemo rerum eveniet dolores rem quia dignissimos.',TO_TIMESTAMP('2026-06-30 04:03:33.223537', 'YYYY-MM-DD HH24:MI:SS.FF6'),TO_TIMESTAMP('2026-06-30 04:03:33.223537', 'YYYY-MM-DD HH24:MI:SS.FF6'));
INSERT INTO APP_CATEGORIES ("ID", "NAME", "CODE", "DESCRIPTION", "CREATED_AT", "UPDATED_AT") VALUES (49,'ZAP','zap)) '' waitfor delay ''0:0:15'' --','Zaproxy alias impedit expedita quisquam pariatur exercitationem. Nemo rerum eveniet dolores rem quia dignissimos.',TO_TIMESTAMP('2026-06-30 04:03:34.043091', 'YYYY-MM-DD HH24:MI:SS.FF6'),TO_TIMESTAMP('2026-06-30 04:03:34.043091', 'YYYY-MM-DD HH24:MI:SS.FF6'));
INSERT INTO APP_CATEGORIES ("ID", "NAME", "CODE", "DESCRIPTION", "CREATED_AT", "UPDATED_AT") VALUES (50,'ZAP','zap)) " waitfor delay ''0:0:15'' --','Zaproxy alias impedit expedita quisquam pariatur exercitationem. Nemo rerum eveniet dolores rem quia dignissimos.',TO_TIMESTAMP('2026-06-30 04:03:35.059007', 'YYYY-MM-DD HH24:MI:SS.FF6'),TO_TIMESTAMP('2026-06-30 04:03:35.059007', 'YYYY-MM-DD HH24:MI:SS.FF6'));
INSERT INTO APP_CATEGORIES ("ID", "NAME", "CODE", "DESCRIPTION", "CREATED_AT", "UPDATED_AT") VALUES (51,'ZAP','zap) waitfor delay ''0:0:15'' (','Zaproxy alias impedit expedita quisquam pariatur exercitationem. Nemo rerum eveniet dolores rem quia dignissimos.',TO_TIMESTAMP('2026-06-30 04:03:36.419484', 'YYYY-MM-DD HH24:MI:SS.FF6'),TO_TIMESTAMP('2026-06-30 04:03:36.419484', 'YYYY-MM-DD HH24:MI:SS.FF6'));
INSERT INTO APP_CATEGORIES ("ID", "NAME", "CODE", "DESCRIPTION", "CREATED_AT", "UPDATED_AT") VALUES (57,'ssss','/etc/passwd','sss',TO_TIMESTAMP('2026-07-02 06:29:07.326921', 'YYYY-MM-DD HH24:MI:SS.FF6'),TO_TIMESTAMP('2026-07-02 06:29:07.326921', 'YYYY-MM-DD HH24:MI:SS.FF6'));
INSERT INTO APP_CATEGORIES ("ID", "NAME", "CODE", "DESCRIPTION", "CREATED_AT", "UPDATED_AT") VALUES (59,'ssss','/','sss',TO_TIMESTAMP('2026-07-02 06:29:07.553447', 'YYYY-MM-DD HH24:MI:SS.FF6'),TO_TIMESTAMP('2026-07-02 06:29:07.553447', 'YYYY-MM-DD HH24:MI:SS.FF6'));
INSERT INTO APP_CATEGORIES ("ID", "NAME", "CODE", "DESCRIPTION", "CREATED_AT", "UPDATED_AT") VALUES (63,'ssss','web-inf/web.xml','sss',TO_TIMESTAMP('2026-07-02 06:29:08.083638', 'YYYY-MM-DD HH24:MI:SS.FF6'),TO_TIMESTAMP('2026-07-02 06:29:08.083638', 'YYYY-MM-DD HH24:MI:SS.FF6'));
INSERT INTO APP_CATEGORIES ("ID", "NAME", "CODE", "DESCRIPTION", "CREATED_AT", "UPDATED_AT") VALUES (68,'ssss','create','sss',TO_TIMESTAMP('2026-07-02 06:29:08.614328', 'YYYY-MM-DD HH24:MI:SS.FF6'),TO_TIMESTAMP('2026-07-02 06:29:08.614328', 'YYYY-MM-DD HH24:MI:SS.FF6'));
INSERT INTO APP_CATEGORIES ("ID", "NAME", "CODE", "DESCRIPTION", "CREATED_AT", "UPDATED_AT") VALUES (71,'zwRYGpVh','ovdmfzsz','WSQHtEAo',TO_TIMESTAMP('2026-07-02 06:34:37.917666', 'YYYY-MM-DD HH24:MI:SS.FF6'),TO_TIMESTAMP('2026-07-02 06:34:37.917666', 'YYYY-MM-DD HH24:MI:SS.FF6'));
INSERT INTO APP_CATEGORIES ("ID", "NAME", "CODE", "DESCRIPTION", "CREATED_AT", "UPDATED_AT") VALUES (5,'http://www.google.com/','zap','Zaproxy alias impedit expedita quisquam pariatur exercitationem. Nemo rerum eveniet dolores rem quia dignissimos.',TO_TIMESTAMP('2026-06-30 03:46:28.656440', 'YYYY-MM-DD HH24:MI:SS.FF6'),TO_TIMESTAMP('2026-06-30 03:46:28.656440', 'YYYY-MM-DD HH24:MI:SS.FF6'));
INSERT INTO APP_CATEGORIES ("ID", "NAME", "CODE", "DESCRIPTION", "CREATED_AT", "UPDATED_AT") VALUES (10,'ZAP','http://www.google.com:80/search?q=zap','Zaproxy alias impedit expedita quisquam pariatur exercitationem. Nemo rerum eveniet dolores rem quia dignissimos.',TO_TIMESTAMP('2026-06-30 03:46:37.391863', 'YYYY-MM-DD HH24:MI:SS.FF6'),TO_TIMESTAMP('2026-06-30 03:46:37.391863', 'YYYY-MM-DD HH24:MI:SS.FF6'));
INSERT INTO APP_CATEGORIES ("ID", "NAME", "CODE", "DESCRIPTION", "CREATED_AT", "UPDATED_AT") VALUES (11,'ZAP','www.google.com/','Zaproxy alias impedit expedita quisquam pariatur exercitationem. Nemo rerum eveniet dolores rem quia dignissimos.',TO_TIMESTAMP('2026-06-30 03:46:37.460525', 'YYYY-MM-DD HH24:MI:SS.FF6'),TO_TIMESTAMP('2026-06-30 03:46:37.460525', 'YYYY-MM-DD HH24:MI:SS.FF6'));
INSERT INTO APP_CATEGORIES ("ID", "NAME", "CODE", "DESCRIPTION", "CREATED_AT", "UPDATED_AT") VALUES (14,'ZAP','www.google.com/search?q=zap','Zaproxy alias impedit expedita quisquam pariatur exercitationem. Nemo rerum eveniet dolores rem quia dignissimos.',TO_TIMESTAMP('2026-06-30 03:46:37.691154', 'YYYY-MM-DD HH24:MI:SS.FF6'),TO_TIMESTAMP('2026-06-30 03:46:37.691154', 'YYYY-MM-DD HH24:MI:SS.FF6'));
INSERT INTO APP_CATEGORIES ("ID", "NAME", "CODE", "DESCRIPTION", "CREATED_AT", "UPDATED_AT") VALUES (36,'ZAP','＜img src=x onerror=prompt()＞','Zaproxy alias impedit expedita quisquam pariatur exercitationem. Nemo rerum eveniet dolores rem quia dignissimos.',TO_TIMESTAMP('2026-06-30 03:53:12.988326', 'YYYY-MM-DD HH24:MI:SS.FF6'),TO_TIMESTAMP('2026-06-30 03:53:12.988326', 'YYYY-MM-DD HH24:MI:SS.FF6'));
INSERT INTO APP_CATEGORIES ("ID", "NAME", "CODE", "DESCRIPTION", "CREATED_AT", "UPDATED_AT") VALUES (52,'ssss','aa','sss',TO_TIMESTAMP('2026-07-02 03:46:45.887603', 'YYYY-MM-DD HH24:MI:SS.FF6'),TO_TIMESTAMP('2026-07-02 03:46:45.887603', 'YYYY-MM-DD HH24:MI:SS.FF6'));
INSERT INTO APP_CATEGORIES ("ID", "NAME", "CODE", "DESCRIPTION", "CREATED_AT", "UPDATED_AT") VALUES (7,'ZAP','http://www.google.com:80/','Zaproxy alias impedit expedita quisquam pariatur exercitationem. Nemo rerum eveniet dolores rem quia dignissimos.',TO_TIMESTAMP('2026-06-30 03:46:37.189373', 'YYYY-MM-DD HH24:MI:SS.FF6'),TO_TIMESTAMP('2026-06-30 03:46:37.189373', 'YYYY-MM-DD HH24:MI:SS.FF6'));
INSERT INTO APP_CATEGORIES ("ID", "NAME", "CODE", "DESCRIPTION", "CREATED_AT", "UPDATED_AT") VALUES (21,'ZAP','5;url=''https://6543423400418102621.owasp.org''','Zaproxy alias impedit expedita quisquam pariatur exercitationem. Nemo rerum eveniet dolores rem quia dignissimos.',TO_TIMESTAMP('2026-06-30 03:49:43.716968', 'YYYY-MM-DD HH24:MI:SS.FF6'),TO_TIMESTAMP('2026-06-30 03:49:43.716968', 'YYYY-MM-DD HH24:MI:SS.FF6'));
INSERT INTO APP_CATEGORIES ("ID", "NAME", "CODE", "DESCRIPTION", "CREATED_AT", "UPDATED_AT") VALUES (23,'ZAP','https://6543423400418102621.owasp.org/?zap','Zaproxy alias impedit expedita quisquam pariatur exercitationem. Nemo rerum eveniet dolores rem quia dignissimos.',TO_TIMESTAMP('2026-06-30 03:49:44.106786', 'YYYY-MM-DD HH24:MI:SS.FF6'),TO_TIMESTAMP('2026-06-30 03:49:44.106786', 'YYYY-MM-DD HH24:MI:SS.FF6'));
INSERT INTO APP_CATEGORIES ("ID", "NAME", "CODE", "DESCRIPTION", "CREATED_AT", "UPDATED_AT") VALUES (31,'ZAP','0w45pz4p','Zaproxy alias impedit expedita quisquam pariatur exercitationem. Nemo rerum eveniet dolores rem quia dignissimos.',TO_TIMESTAMP('2026-06-30 03:53:12.295132', 'YYYY-MM-DD HH24:MI:SS.FF6'),TO_TIMESTAMP('2026-06-30 03:53:12.295132', 'YYYY-MM-DD HH24:MI:SS.FF6'));
INSERT INTO APP_CATEGORIES ("ID", "NAME", "CODE", "DESCRIPTION", "CREATED_AT", "UPDATED_AT") VALUES (53,'ssss','c:/windows/system.ini','sss',TO_TIMESTAMP('2026-07-02 06:29:06.263694', 'YYYY-MM-DD HH24:MI:SS.FF6'),TO_TIMESTAMP('2026-07-02 06:29:06.263694', 'YYYY-MM-DD HH24:MI:SS.FF6'));
INSERT INTO APP_CATEGORIES ("ID", "NAME", "CODE", "DESCRIPTION", "CREATED_AT", "UPDATED_AT") VALUES (61,'ssss','c:/','sss',TO_TIMESTAMP('2026-07-02 06:29:07.823707', 'YYYY-MM-DD HH24:MI:SS.FF6'),TO_TIMESTAMP('2026-07-02 06:29:07.823707', 'YYYY-MM-DD HH24:MI:SS.FF6'));
INSERT INTO APP_CATEGORIES ("ID", "NAME", "CODE", "DESCRIPTION", "CREATED_AT", "UPDATED_AT") VALUES (64,'ssss','web-inf\web.xml','sss',TO_TIMESTAMP('2026-07-02 06:29:08.269894', 'YYYY-MM-DD HH24:MI:SS.FF6'),TO_TIMESTAMP('2026-07-02 06:29:08.269894', 'YYYY-MM-DD HH24:MI:SS.FF6'));
INSERT INTO APP_CATEGORIES ("ID", "NAME", "CODE", "DESCRIPTION", "CREATED_AT", "UPDATED_AT") VALUES (65,'ssss','/web-inf/web.xml','sss',TO_TIMESTAMP('2026-07-02 06:29:08.372500', 'YYYY-MM-DD HH24:MI:SS.FF6'),TO_TIMESTAMP('2026-07-02 06:29:08.372500', 'YYYY-MM-DD HH24:MI:SS.FF6'));
INSERT INTO APP_CATEGORIES ("ID", "NAME", "CODE", "DESCRIPTION", "CREATED_AT", "UPDATED_AT") VALUES (69,'ssss','/create','sss',TO_TIMESTAMP('2026-07-02 06:29:08.761923', 'YYYY-MM-DD HH24:MI:SS.FF6'),TO_TIMESTAMP('2026-07-02 06:29:08.761923', 'YYYY-MM-DD HH24:MI:SS.FF6'));
INSERT INTO APP_CATEGORIES ("ID", "NAME", "CODE", "DESCRIPTION", "CREATED_AT", "UPDATED_AT") VALUES (13,'ZAP','www.google.com','Zaproxy alias impedit expedita quisquam pariatur exercitationem. Nemo rerum eveniet dolores rem quia dignissimos.',TO_TIMESTAMP('2026-06-30 03:46:37.618901', 'YYYY-MM-DD HH24:MI:SS.FF6'),TO_TIMESTAMP('2026-06-30 03:46:37.618901', 'YYYY-MM-DD HH24:MI:SS.FF6'));
INSERT INTO APP_CATEGORIES ("ID", "NAME", "CODE", "DESCRIPTION", "CREATED_AT", "UPDATED_AT") VALUES (17,'ZAP','() { :;}; /bin/sleep 15','Zaproxy alias impedit expedita quisquam pariatur exercitationem. Nemo rerum eveniet dolores rem quia dignissimos.',TO_TIMESTAMP('2026-06-30 03:48:57.596683', 'YYYY-MM-DD HH24:MI:SS.FF6'),TO_TIMESTAMP('2026-06-30 03:48:57.596683', 'YYYY-MM-DD HH24:MI:SS.FF6'));
INSERT INTO APP_CATEGORIES ("ID", "NAME", "CODE", "DESCRIPTION", "CREATED_AT", "UPDATED_AT") VALUES (25,'ZAP','https://\6543423400418102621.owasp.org','Zaproxy alias impedit expedita quisquam pariatur exercitationem. Nemo rerum eveniet dolores rem quia dignissimos.',TO_TIMESTAMP('2026-06-30 03:49:44.257570', 'YYYY-MM-DD HH24:MI:SS.FF6'),TO_TIMESTAMP('2026-06-30 03:49:44.257570', 'YYYY-MM-DD HH24:MI:SS.FF6'));
INSERT INTO APP_CATEGORIES ("ID", "NAME", "CODE", "DESCRIPTION", "CREATED_AT", "UPDATED_AT") VALUES (32,'ZAP','</code><script>alert(1);</script><code>','Zaproxy alias impedit expedita quisquam pariatur exercitationem. Nemo rerum eveniet dolores rem quia dignissimos.',TO_TIMESTAMP('2026-06-30 03:53:12.527649', 'YYYY-MM-DD HH24:MI:SS.FF6'),TO_TIMESTAMP('2026-06-30 03:53:12.527649', 'YYYY-MM-DD HH24:MI:SS.FF6'));
INSERT INTO APP_CATEGORIES ("ID", "NAME", "CODE", "DESCRIPTION", "CREATED_AT", "UPDATED_AT") VALUES (35,'ZAP','<img src=x onerror=prompt()>','Zaproxy alias impedit expedita quisquam pariatur exercitationem. Nemo rerum eveniet dolores rem quia dignissimos.',TO_TIMESTAMP('2026-06-30 03:53:12.874113', 'YYYY-MM-DD HH24:MI:SS.FF6'),TO_TIMESTAMP('2026-06-30 03:53:12.874113', 'YYYY-MM-DD HH24:MI:SS.FF6'));
INSERT INTO APP_CATEGORIES ("ID", "NAME", "CODE", "DESCRIPTION", "CREATED_AT", "UPDATED_AT") VALUES (55,'ssss','c:\windows\system.ini','sss',TO_TIMESTAMP('2026-07-02 06:29:07.142829', 'YYYY-MM-DD HH24:MI:SS.FF6'),TO_TIMESTAMP('2026-07-02 06:29:07.142829', 'YYYY-MM-DD HH24:MI:SS.FF6'));
INSERT INTO APP_CATEGORIES ("ID", "NAME", "CODE", "DESCRIPTION", "CREATED_AT", "UPDATED_AT") VALUES (60,'ssss','../../../../../../../../../../../../../../../../','sss',TO_TIMESTAMP('2026-07-02 06:29:07.652995', 'YYYY-MM-DD HH24:MI:SS.FF6'),TO_TIMESTAMP('2026-07-02 06:29:07.652995', 'YYYY-MM-DD HH24:MI:SS.FF6'));
INSERT INTO APP_CATEGORIES ("ID", "NAME", "CODE", "DESCRIPTION", "CREATED_AT", "UPDATED_AT") VALUES (62,'ssss','c:\','sss',TO_TIMESTAMP('2026-07-02 06:29:07.972040', 'YYYY-MM-DD HH24:MI:SS.FF6'),TO_TIMESTAMP('2026-07-02 06:29:07.972040', 'YYYY-MM-DD HH24:MI:SS.FF6'));
INSERT INTO APP_CATEGORIES ("ID", "NAME", "CODE", "DESCRIPTION", "CREATED_AT", "UPDATED_AT") VALUES (66,'ssss','\web-inf\web.xml','sss',TO_TIMESTAMP('2026-07-02 06:29:08.464179', 'YYYY-MM-DD HH24:MI:SS.FF6'),TO_TIMESTAMP('2026-07-02 06:29:08.464179', 'YYYY-MM-DD HH24:MI:SS.FF6'));
INSERT INTO APP_CATEGORIES ("ID", "NAME", "CODE", "DESCRIPTION", "CREATED_AT", "UPDATED_AT") VALUES (67,'ssss','thishouldnotexistandhopefullyitwillnot','sss',TO_TIMESTAMP('2026-07-02 06:29:08.542463', 'YYYY-MM-DD HH24:MI:SS.FF6'),TO_TIMESTAMP('2026-07-02 06:29:08.542463', 'YYYY-MM-DD HH24:MI:SS.FF6'));
INSERT INTO APP_CATEGORIES ("ID", "NAME", "CODE", "DESCRIPTION", "CREATED_AT", "UPDATED_AT") VALUES (70,'ITPQZnNu','tbrprxwq','YCbHAFIU',TO_TIMESTAMP('2026-07-02 06:33:01.221387', 'YYYY-MM-DD HH24:MI:SS.FF6'),TO_TIMESTAMP('2026-07-02 06:33:01.221387', 'YYYY-MM-DD HH24:MI:SS.FF6'));
INSERT INTO APP_CATEGORIES ("ID", "NAME", "CODE", "DESCRIPTION", "CREATED_AT", "UPDATED_AT") VALUES (1,'Điện thoại','dien-thoai','Các thiết bị di động, smartphone',TO_TIMESTAMP('2026-06-26 02:55:51.358949', 'YYYY-MM-DD HH24:MI:SS.FF6'),TO_TIMESTAMP('2026-06-26 02:55:51.358949', 'YYYY-MM-DD HH24:MI:SS.FF6'));
INSERT INTO APP_CATEGORIES ("ID", "NAME", "CODE", "DESCRIPTION", "CREATED_AT", "UPDATED_AT") VALUES (2,'Laptop','laptop','Máy tính xách tay cá nhân',TO_TIMESTAMP('2026-06-26 02:55:51.366328', 'YYYY-MM-DD HH24:MI:SS.FF6'),TO_TIMESTAMP('2026-06-26 02:55:51.366328', 'YYYY-MM-DD HH24:MI:SS.FF6'));
INSERT INTO APP_CATEGORIES ("ID", "NAME", "CODE", "DESCRIPTION", "CREATED_AT", "UPDATED_AT") VALUES (3,'Phụ kiện','phu-kien','Tai nghe, sạc, chuột và các phụ kiện khác',TO_TIMESTAMP('2026-06-26 02:55:51.372880', 'YYYY-MM-DD HH24:MI:SS.FF6'),TO_TIMESTAMP('2026-06-26 02:55:51.372880', 'YYYY-MM-DD HH24:MI:SS.FF6'));
INSERT INTO APP_CATEGORIES ("ID", "NAME", "CODE", "DESCRIPTION", "CREATED_AT", "UPDATED_AT") VALUES (6,'ZAP','http://www.google.com/','Zaproxy alias impedit expedita quisquam pariatur exercitationem. Nemo rerum eveniet dolores rem quia dignissimos.',TO_TIMESTAMP('2026-06-30 03:46:37.157190', 'YYYY-MM-DD HH24:MI:SS.FF6'),TO_TIMESTAMP('2026-06-30 03:46:37.157190', 'YYYY-MM-DD HH24:MI:SS.FF6'));
INSERT INTO APP_CATEGORIES ("ID", "NAME", "CODE", "DESCRIPTION", "CREATED_AT", "UPDATED_AT") VALUES (8,'ZAP','http://www.google.com','Zaproxy alias impedit expedita quisquam pariatur exercitationem. Nemo rerum eveniet dolores rem quia dignissimos.',TO_TIMESTAMP('2026-06-30 03:46:37.233472', 'YYYY-MM-DD HH24:MI:SS.FF6'),TO_TIMESTAMP('2026-06-30 03:46:37.233472', 'YYYY-MM-DD HH24:MI:SS.FF6'));
INSERT INTO APP_CATEGORIES ("ID", "NAME", "CODE", "DESCRIPTION", "CREATED_AT", "UPDATED_AT") VALUES (9,'ZAP','http://www.google.com/search?q=zap','Zaproxy alias impedit expedita quisquam pariatur exercitationem. Nemo rerum eveniet dolores rem quia dignissimos.',TO_TIMESTAMP('2026-06-30 03:46:37.294309', 'YYYY-MM-DD HH24:MI:SS.FF6'),TO_TIMESTAMP('2026-06-30 03:46:37.294309', 'YYYY-MM-DD HH24:MI:SS.FF6'));
INSERT INTO APP_CATEGORIES ("ID", "NAME", "CODE", "DESCRIPTION", "CREATED_AT", "UPDATED_AT") VALUES (12,'ZAP','www.google.com:80/','Zaproxy alias impedit expedita quisquam pariatur exercitationem. Nemo rerum eveniet dolores rem quia dignissimos.',TO_TIMESTAMP('2026-06-30 03:46:37.521231', 'YYYY-MM-DD HH24:MI:SS.FF6'),TO_TIMESTAMP('2026-06-30 03:46:37.521231', 'YYYY-MM-DD HH24:MI:SS.FF6'));
INSERT INTO APP_CATEGORIES ("ID", "NAME", "CODE", "DESCRIPTION", "CREATED_AT", "UPDATED_AT") VALUES (15,'ZAP','www.google.com:80/search?q=zap','Zaproxy alias impedit expedita quisquam pariatur exercitationem. Nemo rerum eveniet dolores rem quia dignissimos.',TO_TIMESTAMP('2026-06-30 03:46:37.924533', 'YYYY-MM-DD HH24:MI:SS.FF6'),TO_TIMESTAMP('2026-06-30 03:46:37.924533', 'YYYY-MM-DD HH24:MI:SS.FF6'));
INSERT INTO APP_CATEGORIES ("ID", "NAME", "CODE", "DESCRIPTION", "CREATED_AT", "UPDATED_AT") VALUES (18,'ZAP','6543423400418102621.owasp.org','Zaproxy alias impedit expedita quisquam pariatur exercitationem. Nemo rerum eveniet dolores rem quia dignissimos.',TO_TIMESTAMP('2026-06-30 03:49:43.526593', 'YYYY-MM-DD HH24:MI:SS.FF6'),TO_TIMESTAMP('2026-06-30 03:49:43.526593', 'YYYY-MM-DD HH24:MI:SS.FF6'));
INSERT INTO APP_CATEGORIES ("ID", "NAME", "CODE", "DESCRIPTION", "CREATED_AT", "UPDATED_AT") VALUES (19,'ZAP','https://6543423400418102621.owasp.org','Zaproxy alias impedit expedita quisquam pariatur exercitationem. Nemo rerum eveniet dolores rem quia dignissimos.',TO_TIMESTAMP('2026-06-30 03:49:43.578413', 'YYYY-MM-DD HH24:MI:SS.FF6'),TO_TIMESTAMP('2026-06-30 03:49:43.578413', 'YYYY-MM-DD HH24:MI:SS.FF6'));
INSERT INTO APP_CATEGORIES ("ID", "NAME", "CODE", "DESCRIPTION", "CREATED_AT", "UPDATED_AT") VALUES (20,'ZAP','https://6543423400418102621%2eowasp%2eorg','Zaproxy alias impedit expedita quisquam pariatur exercitationem. Nemo rerum eveniet dolores rem quia dignissimos.',TO_TIMESTAMP('2026-06-30 03:49:43.633361', 'YYYY-MM-DD HH24:MI:SS.FF6'),TO_TIMESTAMP('2026-06-30 03:49:43.633361', 'YYYY-MM-DD HH24:MI:SS.FF6'));
INSERT INTO APP_CATEGORIES ("ID", "NAME", "CODE", "DESCRIPTION", "CREATED_AT", "UPDATED_AT") VALUES (24,'ZAP','5;url=''https://6543423400418102621.owasp.org/?zap''','Zaproxy alias impedit expedita quisquam pariatur exercitationem. Nemo rerum eveniet dolores rem quia dignissimos.',TO_TIMESTAMP('2026-06-30 03:49:44.149416', 'YYYY-MM-DD HH24:MI:SS.FF6'),TO_TIMESTAMP('2026-06-30 03:49:44.149416', 'YYYY-MM-DD HH24:MI:SS.FF6'));
INSERT INTO APP_CATEGORIES ("ID", "NAME", "CODE", "DESCRIPTION", "CREATED_AT", "UPDATED_AT") VALUES (26,'ZAP','http://\6543423400418102621.owasp.org','Zaproxy alias impedit expedita quisquam pariatur exercitationem. Nemo rerum eveniet dolores rem quia dignissimos.',TO_TIMESTAMP('2026-06-30 03:49:44.377855', 'YYYY-MM-DD HH24:MI:SS.FF6'),TO_TIMESTAMP('2026-06-30 03:49:44.377855', 'YYYY-MM-DD HH24:MI:SS.FF6'));
INSERT INTO APP_CATEGORIES ("ID", "NAME", "CODE", "DESCRIPTION", "CREATED_AT", "UPDATED_AT") VALUES (28,'ZAP','"><!--#exec cmd="ls /"--><','Zaproxy alias impedit expedita quisquam pariatur exercitationem. Nemo rerum eveniet dolores rem quia dignissimos.',TO_TIMESTAMP('2026-06-30 03:52:14.562744', 'YYYY-MM-DD HH24:MI:SS.FF6'),TO_TIMESTAMP('2026-06-30 03:52:14.562744', 'YYYY-MM-DD HH24:MI:SS.FF6'));
INSERT INTO APP_CATEGORIES ("ID", "NAME", "CODE", "DESCRIPTION", "CREATED_AT", "UPDATED_AT") VALUES (29,'ZAP','<!--#exec cmd="dir \"-->','Zaproxy alias impedit expedita quisquam pariatur exercitationem. Nemo rerum eveniet dolores rem quia dignissimos.',TO_TIMESTAMP('2026-06-30 03:52:14.712165', 'YYYY-MM-DD HH24:MI:SS.FF6'),TO_TIMESTAMP('2026-06-30 03:52:14.712165', 'YYYY-MM-DD HH24:MI:SS.FF6'));
INSERT INTO APP_CATEGORIES ("ID", "NAME", "CODE", "DESCRIPTION", "CREATED_AT", "UPDATED_AT") VALUES (33,'ZAP','</code> <script>alert(1);</script><code>','Zaproxy alias impedit expedita quisquam pariatur exercitationem. Nemo rerum eveniet dolores rem quia dignissimos.',TO_TIMESTAMP('2026-06-30 03:53:12.638039', 'YYYY-MM-DD HH24:MI:SS.FF6'),TO_TIMESTAMP('2026-06-30 03:53:12.638039', 'YYYY-MM-DD HH24:MI:SS.FF6'));
INSERT INTO APP_CATEGORIES ("ID", "NAME", "CODE", "DESCRIPTION", "CREATED_AT", "UPDATED_AT") VALUES (34,'ZAP','</code><img src=x onerror=prompt()><code>','Zaproxy alias impedit expedita quisquam pariatur exercitationem. Nemo rerum eveniet dolores rem quia dignissimos.',TO_TIMESTAMP('2026-06-30 03:53:12.796006', 'YYYY-MM-DD HH24:MI:SS.FF6'),TO_TIMESTAMP('2026-06-30 03:53:12.796006', 'YYYY-MM-DD HH24:MI:SS.FF6'));
INSERT INTO APP_CATEGORIES ("ID", "NAME", "CODE", "DESCRIPTION", "CREATED_AT", "UPDATED_AT") VALUES (38,'#javascript:alert(5397)','#javascript:alert(5397)',NULL,TO_TIMESTAMP('2026-06-30 03:59:06.166965', 'YYYY-MM-DD HH24:MI:SS.FF6'),TO_TIMESTAMP('2026-06-30 03:59:06.166965', 'YYYY-MM-DD HH24:MI:SS.FF6'));
-- Data for APP_PRODUCTS
INSERT INTO APP_PRODUCTS ("ID", "CATEGORY_ID", "SKU", "NAME", "DESCRIPTION", "PRICE", "STATUS", "CREATED_AT", "UPDATED_AT", "IMAGE_URL", "STOCK") VALUES (18,2,'WWW.GOOGLE.COM','() { :;}; echo ''x-powered-by: ShellShock-Vulnerable''','Zaproxy alias impedit expedita quisquam pariatur exercitationem. Nemo rerum eveniet dolores rem quia dignissimos.',0,'INACTIVE',TO_TIMESTAMP('2026-06-30 03:46:37.631206', 'YYYY-MM-DD HH24:MI:SS.FF6'),TO_TIMESTAMP('2026-07-02 08:05:50.755550', 'YYYY-MM-DD HH24:MI:SS.FF6'),NULL,100);
INSERT INTO APP_PRODUCTS ("ID", "CATEGORY_ID", "SKU", "NAME", "DESCRIPTION", "PRICE", "STATUS", "CREATED_AT", "UPDATED_AT", "IMAGE_URL", "STOCK") VALUES (21,2,'() { :;}; /BIN/SLEEP 15','ZAP','Zaproxy alias impedit expedita quisquam pariatur exercitationem. Nemo rerum eveniet dolores rem quia dignissimos.',0,'INACTIVE',TO_TIMESTAMP('2026-06-30 03:48:57.574482', 'YYYY-MM-DD HH24:MI:SS.FF6'),TO_TIMESTAMP('2026-06-30 03:48:57.574482', 'YYYY-MM-DD HH24:MI:SS.FF6'),NULL,100);
INSERT INTO APP_PRODUCTS ("ID", "CATEGORY_ID", "SKU", "NAME", "DESCRIPTION", "PRICE", "STATUS", "CREATED_AT", "UPDATED_AT", "IMAGE_URL", "STOCK") VALUES (50,2,'ZAP'' WAITFOR DELAY ''0:0:15'' --','ZAP','Zaproxy alias impedit expedita quisquam pariatur exercitationem. Nemo rerum eveniet dolores rem quia dignissimos.',0,'INACTIVE',TO_TIMESTAMP('2026-06-30 04:03:28.712083', 'YYYY-MM-DD HH24:MI:SS.FF6'),TO_TIMESTAMP('2026-06-30 04:03:28.712083', 'YYYY-MM-DD HH24:MI:SS.FF6'),NULL,100);
INSERT INTO APP_PRODUCTS ("ID", "CATEGORY_ID", "SKU", "NAME", "DESCRIPTION", "PRICE", "STATUS", "CREATED_AT", "UPDATED_AT", "IMAGE_URL", "STOCK") VALUES (51,2,'ZAP" WAITFOR DELAY ''0:0:15'' --','ZAP','Zaproxy alias impedit expedita quisquam pariatur exercitationem. Nemo rerum eveniet dolores rem quia dignissimos.',0,'INACTIVE',TO_TIMESTAMP('2026-06-30 04:03:28.774965', 'YYYY-MM-DD HH24:MI:SS.FF6'),TO_TIMESTAMP('2026-06-30 04:03:28.774965', 'YYYY-MM-DD HH24:MI:SS.FF6'),NULL,100);
INSERT INTO APP_PRODUCTS ("ID", "CATEGORY_ID", "SKU", "NAME", "DESCRIPTION", "PRICE", "STATUS", "CREATED_AT", "UPDATED_AT", "IMAGE_URL", "STOCK") VALUES (49,2,'ZAP WAITFOR DELAY ''0:0:15'' --','ZAP','Zaproxy alias impedit expedita quisquam pariatur exercitationem. Nemo rerum eveniet dolores rem quia dignissimos.',0,'INACTIVE',TO_TIMESTAMP('2026-06-30 04:03:28.572817', 'YYYY-MM-DD HH24:MI:SS.FF6'),TO_TIMESTAMP('2026-06-30 04:03:28.572817', 'YYYY-MM-DD HH24:MI:SS.FF6'),NULL,100);
INSERT INTO APP_PRODUCTS ("ID", "CATEGORY_ID", "SKU", "NAME", "DESCRIPTION", "PRICE", "STATUS", "CREATED_AT", "UPDATED_AT", "IMAGE_URL", "STOCK") VALUES (52,2,'ZAP) WAITFOR DELAY ''0:0:15'' --','ZAP','Zaproxy alias impedit expedita quisquam pariatur exercitationem. Nemo rerum eveniet dolores rem quia dignissimos.',0,'INACTIVE',TO_TIMESTAMP('2026-06-30 04:03:28.895040', 'YYYY-MM-DD HH24:MI:SS.FF6'),TO_TIMESTAMP('2026-06-30 04:03:28.895040', 'YYYY-MM-DD HH24:MI:SS.FF6'),NULL,100);
INSERT INTO APP_PRODUCTS ("ID", "CATEGORY_ID", "SKU", "NAME", "DESCRIPTION", "PRICE", "STATUS", "CREATED_AT", "UPDATED_AT", "IMAGE_URL", "STOCK") VALUES (53,2,'ZAP) '' WAITFOR DELAY ''0:0:15'' --','ZAP','Zaproxy alias impedit expedita quisquam pariatur exercitationem. Nemo rerum eveniet dolores rem quia dignissimos.',0,'INACTIVE',TO_TIMESTAMP('2026-06-30 04:03:28.923582', 'YYYY-MM-DD HH24:MI:SS.FF6'),TO_TIMESTAMP('2026-06-30 04:03:28.923582', 'YYYY-MM-DD HH24:MI:SS.FF6'),NULL,100);
INSERT INTO APP_PRODUCTS ("ID", "CATEGORY_ID", "SKU", "NAME", "DESCRIPTION", "PRICE", "STATUS", "CREATED_AT", "UPDATED_AT", "IMAGE_URL", "STOCK") VALUES (54,2,'ZAP) " WAITFOR DELAY ''0:0:15'' --','ZAP','Zaproxy alias impedit expedita quisquam pariatur exercitationem. Nemo rerum eveniet dolores rem quia dignissimos.',0,'INACTIVE',TO_TIMESTAMP('2026-06-30 04:03:29.034457', 'YYYY-MM-DD HH24:MI:SS.FF6'),TO_TIMESTAMP('2026-06-30 04:03:29.034457', 'YYYY-MM-DD HH24:MI:SS.FF6'),NULL,100);
INSERT INTO APP_PRODUCTS ("ID", "CATEGORY_ID", "SKU", "NAME", "DESCRIPTION", "PRICE", "STATUS", "CREATED_AT", "UPDATED_AT", "IMAGE_URL", "STOCK") VALUES (55,2,'ZAP)) WAITFOR DELAY ''0:0:15'' --','ZAP','Zaproxy alias impedit expedita quisquam pariatur exercitationem. Nemo rerum eveniet dolores rem quia dignissimos.',0,'INACTIVE',TO_TIMESTAMP('2026-06-30 04:03:29.065672', 'YYYY-MM-DD HH24:MI:SS.FF6'),TO_TIMESTAMP('2026-06-30 04:03:29.065672', 'YYYY-MM-DD HH24:MI:SS.FF6'),NULL,100);
INSERT INTO APP_PRODUCTS ("ID", "CATEGORY_ID", "SKU", "NAME", "DESCRIPTION", "PRICE", "STATUS", "CREATED_AT", "UPDATED_AT", "IMAGE_URL", "STOCK") VALUES (56,2,'ZAP)) '' WAITFOR DELAY ''0:0:15'' --','ZAP','Zaproxy alias impedit expedita quisquam pariatur exercitationem. Nemo rerum eveniet dolores rem quia dignissimos.',0,'INACTIVE',TO_TIMESTAMP('2026-06-30 04:03:33.161572', 'YYYY-MM-DD HH24:MI:SS.FF6'),TO_TIMESTAMP('2026-06-30 04:03:33.161572', 'YYYY-MM-DD HH24:MI:SS.FF6'),NULL,100);
INSERT INTO APP_PRODUCTS ("ID", "CATEGORY_ID", "SKU", "NAME", "DESCRIPTION", "PRICE", "STATUS", "CREATED_AT", "UPDATED_AT", "IMAGE_URL", "STOCK") VALUES (57,2,'ZAP)) " WAITFOR DELAY ''0:0:15'' --','ZAP','Zaproxy alias impedit expedita quisquam pariatur exercitationem. Nemo rerum eveniet dolores rem quia dignissimos.',0,'INACTIVE',TO_TIMESTAMP('2026-06-30 04:03:33.404251', 'YYYY-MM-DD HH24:MI:SS.FF6'),TO_TIMESTAMP('2026-06-30 04:03:33.404251', 'YYYY-MM-DD HH24:MI:SS.FF6'),NULL,100);
INSERT INTO APP_PRODUCTS ("ID", "CATEGORY_ID", "SKU", "NAME", "DESCRIPTION", "PRICE", "STATUS", "CREATED_AT", "UPDATED_AT", "IMAGE_URL", "STOCK") VALUES (58,4,'SDSDS WAITFOR DELAY ''0:0:15'' --','s','s',324324,'ACTIVE',TO_TIMESTAMP('2026-06-30 04:03:33.900486', 'YYYY-MM-DD HH24:MI:SS.FF6'),TO_TIMESTAMP('2026-06-30 04:03:33.900486', 'YYYY-MM-DD HH24:MI:SS.FF6'),NULL,100);
INSERT INTO APP_PRODUCTS ("ID", "CATEGORY_ID", "SKU", "NAME", "DESCRIPTION", "PRICE", "STATUS", "CREATED_AT", "UPDATED_AT", "IMAGE_URL", "STOCK") VALUES (59,2,'ZAP) WAITFOR DELAY ''0:0:15'' (','ZAP','Zaproxy alias impedit expedita quisquam pariatur exercitationem. Nemo rerum eveniet dolores rem quia dignissimos.',0,'INACTIVE',TO_TIMESTAMP('2026-06-30 04:03:34.774720', 'YYYY-MM-DD HH24:MI:SS.FF6'),TO_TIMESTAMP('2026-06-30 04:03:34.774720', 'YYYY-MM-DD HH24:MI:SS.FF6'),NULL,100);
INSERT INTO APP_PRODUCTS ("ID", "CATEGORY_ID", "SKU", "NAME", "DESCRIPTION", "PRICE", "STATUS", "CREATED_AT", "UPDATED_AT", "IMAGE_URL", "STOCK") VALUES (60,4,'SDSDS'' WAITFOR DELAY ''0:0:15'' --','s','s',324324,'ACTIVE',TO_TIMESTAMP('2026-06-30 04:03:34.919339', 'YYYY-MM-DD HH24:MI:SS.FF6'),TO_TIMESTAMP('2026-06-30 04:03:34.919339', 'YYYY-MM-DD HH24:MI:SS.FF6'),NULL,100);
INSERT INTO APP_PRODUCTS ("ID", "CATEGORY_ID", "SKU", "NAME", "DESCRIPTION", "PRICE", "STATUS", "CREATED_AT", "UPDATED_AT", "IMAGE_URL", "STOCK") VALUES (61,4,'SDSDS" WAITFOR DELAY ''0:0:15'' --','s','s',324324,'ACTIVE',TO_TIMESTAMP('2026-06-30 04:03:35.556269', 'YYYY-MM-DD HH24:MI:SS.FF6'),TO_TIMESTAMP('2026-06-30 04:03:35.556269', 'YYYY-MM-DD HH24:MI:SS.FF6'),NULL,100);
INSERT INTO APP_PRODUCTS ("ID", "CATEGORY_ID", "SKU", "NAME", "DESCRIPTION", "PRICE", "STATUS", "CREATED_AT", "UPDATED_AT", "IMAGE_URL", "STOCK") VALUES (62,4,'SDSDS) WAITFOR DELAY ''0:0:15'' --','s','s',324324,'ACTIVE',TO_TIMESTAMP('2026-06-30 04:03:36.481964', 'YYYY-MM-DD HH24:MI:SS.FF6'),TO_TIMESTAMP('2026-06-30 04:03:36.481964', 'YYYY-MM-DD HH24:MI:SS.FF6'),NULL,100);
INSERT INTO APP_PRODUCTS ("ID", "CATEGORY_ID", "SKU", "NAME", "DESCRIPTION", "PRICE", "STATUS", "CREATED_AT", "UPDATED_AT", "IMAGE_URL", "STOCK") VALUES (63,4,'SDSDS) '' WAITFOR DELAY ''0:0:15'' --','s','s',324324,'ACTIVE',TO_TIMESTAMP('2026-06-30 04:03:37.573980', 'YYYY-MM-DD HH24:MI:SS.FF6'),TO_TIMESTAMP('2026-06-30 04:03:37.573980', 'YYYY-MM-DD HH24:MI:SS.FF6'),NULL,100);
INSERT INTO APP_PRODUCTS ("ID", "CATEGORY_ID", "SKU", "NAME", "DESCRIPTION", "PRICE", "STATUS", "CREATED_AT", "UPDATED_AT", "IMAGE_URL", "STOCK") VALUES (64,4,'SDSDS) " WAITFOR DELAY ''0:0:15'' --','s','s',324324,'ACTIVE',TO_TIMESTAMP('2026-06-30 04:03:38.471140', 'YYYY-MM-DD HH24:MI:SS.FF6'),TO_TIMESTAMP('2026-06-30 04:03:38.471140', 'YYYY-MM-DD HH24:MI:SS.FF6'),NULL,100);
INSERT INTO APP_PRODUCTS ("ID", "CATEGORY_ID", "SKU", "NAME", "DESCRIPTION", "PRICE", "STATUS", "CREATED_AT", "UPDATED_AT", "IMAGE_URL", "STOCK") VALUES (65,4,'SDSDS)) WAITFOR DELAY ''0:0:15'' --','s','s',324324,'ACTIVE',TO_TIMESTAMP('2026-06-30 04:03:39.400910', 'YYYY-MM-DD HH24:MI:SS.FF6'),TO_TIMESTAMP('2026-06-30 04:03:39.400910', 'YYYY-MM-DD HH24:MI:SS.FF6'),NULL,100);
INSERT INTO APP_PRODUCTS ("ID", "CATEGORY_ID", "SKU", "NAME", "DESCRIPTION", "PRICE", "STATUS", "CREATED_AT", "UPDATED_AT", "IMAGE_URL", "STOCK") VALUES (66,38,'ZKMJAURF','DBhpFUZL','elQaBIKo',324324,'ACTIVE',TO_TIMESTAMP('2026-06-30 04:03:42.023034', 'YYYY-MM-DD HH24:MI:SS.FF6'),TO_TIMESTAMP('2026-07-02 09:06:57.651674', 'YYYY-MM-DD HH24:MI:SS.FF6'),NULL,89);
INSERT INTO APP_PRODUCTS ("ID", "CATEGORY_ID", "SKU", "NAME", "DESCRIPTION", "PRICE", "STATUS", "CREATED_AT", "UPDATED_AT", "IMAGE_URL", "STOCK") VALUES (67,4,'SDSDS)) " WAITFOR DELAY ''0:0:15'' --','s','s',324324,'ACTIVE',TO_TIMESTAMP('2026-06-30 04:03:42.214999', 'YYYY-MM-DD HH24:MI:SS.FF6'),TO_TIMESTAMP('2026-06-30 04:03:42.214999', 'YYYY-MM-DD HH24:MI:SS.FF6'),NULL,100);
INSERT INTO APP_PRODUCTS ("ID", "CATEGORY_ID", "SKU", "NAME", "DESCRIPTION", "PRICE", "STATUS", "CREATED_AT", "UPDATED_AT", "IMAGE_URL", "STOCK") VALUES (68,4,'SDSDS) WAITFOR DELAY ''0:0:15'' (','s','s',324324,'ACTIVE',TO_TIMESTAMP('2026-06-30 04:03:42.599007', 'YYYY-MM-DD HH24:MI:SS.FF6'),TO_TIMESTAMP('2026-07-02 03:58:40.177928', 'YYYY-MM-DD HH24:MI:SS.FF6'),NULL,94);
INSERT INTO APP_PRODUCTS ("ID", "CATEGORY_ID", "SKU", "NAME", "DESCRIPTION", "PRICE", "STATUS", "CREATED_AT", "UPDATED_AT", "IMAGE_URL", "STOCK") VALUES (69,4,'SDSDS','s WAITFOR DELAY ''0:0:15'' --','s',324324,'ACTIVE',TO_TIMESTAMP('2026-06-30 04:03:43.627027', 'YYYY-MM-DD HH24:MI:SS.FF6'),TO_TIMESTAMP('2026-07-02 09:06:54.233738', 'YYYY-MM-DD HH24:MI:SS.FF6'),NULL,98);
INSERT INTO APP_PRODUCTS ("ID", "CATEGORY_ID", "SKU", "NAME", "DESCRIPTION", "PRICE", "STATUS", "CREATED_AT", "UPDATED_AT", "IMAGE_URL", "STOCK") VALUES (9,4,'HTTP://WWW.GOOGLE.COM/','ZAP','Zaproxy alias impedit expedita quisquam pariatur exercitationem. Nemo rerum eveniet dolores rem quia dignissimos.',324324,'ACTIVE',TO_TIMESTAMP('2026-06-30 03:46:37.038600', 'YYYY-MM-DD HH24:MI:SS.FF6'),TO_TIMESTAMP('2026-07-02 08:38:08.159465', 'YYYY-MM-DD HH24:MI:SS.FF6'),NULL,100);
INSERT INTO APP_PRODUCTS ("ID", "CATEGORY_ID", "SKU", "NAME", "DESCRIPTION", "PRICE", "STATUS", "CREATED_AT", "UPDATED_AT", "IMAGE_URL", "STOCK") VALUES (23,2,'6543423400418102621.OWASP.ORG','ZAP','Zaproxy alias impedit expedita quisquam pariatur exercitationem. Nemo rerum eveniet dolores rem quia dignissimos.',0,'INACTIVE',TO_TIMESTAMP('2026-06-30 03:49:43.344621', 'YYYY-MM-DD HH24:MI:SS.FF6'),TO_TIMESTAMP('2026-06-30 03:49:43.344621', 'YYYY-MM-DD HH24:MI:SS.FF6'),NULL,100);
INSERT INTO APP_PRODUCTS ("ID", "CATEGORY_ID", "SKU", "NAME", "DESCRIPTION", "PRICE", "STATUS", "CREATED_AT", "UPDATED_AT", "IMAGE_URL", "STOCK") VALUES (12,2,'HTTP://WWW.GOOGLE.COM','() { :;}; echo ''x-powered-by: ShellShock-Vulnerable''','Zaproxy alias impedit expedita quisquam pariatur exercitationem. Nemo rerum eveniet dolores rem quia dignissimos.',0,'INACTIVE',TO_TIMESTAMP('2026-06-30 03:46:37.251472', 'YYYY-MM-DD HH24:MI:SS.FF6'),TO_TIMESTAMP('2026-07-02 08:05:50.756467', 'YYYY-MM-DD HH24:MI:SS.FF6'),NULL,100);
INSERT INTO APP_PRODUCTS ("ID", "CATEGORY_ID", "SKU", "NAME", "DESCRIPTION", "PRICE", "STATUS", "CREATED_AT", "UPDATED_AT", "IMAGE_URL", "STOCK") VALUES (15,2,'HTTP://WWW.GOOGLE.COM:80/SEARCH?Q=ZAP','ZAP','Zaproxy alias impedit expedita quisquam pariatur exercitationem. Nemo rerum eveniet dolores rem quia dignissimos.',0,'INACTIVE',TO_TIMESTAMP('2026-06-30 03:46:37.390382', 'YYYY-MM-DD HH24:MI:SS.FF6'),TO_TIMESTAMP('2026-06-30 03:46:37.390382', 'YYYY-MM-DD HH24:MI:SS.FF6'),NULL,100);
INSERT INTO APP_PRODUCTS ("ID", "CATEGORY_ID", "SKU", "NAME", "DESCRIPTION", "PRICE", "STATUS", "CREATED_AT", "UPDATED_AT", "IMAGE_URL", "STOCK") VALUES (16,2,'WWW.GOOGLE.COM/','ZAP','Zaproxy alias impedit expedita quisquam pariatur exercitationem. Nemo rerum eveniet dolores rem quia dignissimos.',0,'INACTIVE',TO_TIMESTAMP('2026-06-30 03:46:37.465229', 'YYYY-MM-DD HH24:MI:SS.FF6'),TO_TIMESTAMP('2026-06-30 03:46:37.465229', 'YYYY-MM-DD HH24:MI:SS.FF6'),NULL,100);
INSERT INTO APP_PRODUCTS ("ID", "CATEGORY_ID", "SKU", "NAME", "DESCRIPTION", "PRICE", "STATUS", "CREATED_AT", "UPDATED_AT", "IMAGE_URL", "STOCK") VALUES (17,2,'WWW.GOOGLE.COM:80/','ZAP','Zaproxy alias impedit expedita quisquam pariatur exercitationem. Nemo rerum eveniet dolores rem quia dignissimos.',0,'INACTIVE',TO_TIMESTAMP('2026-06-30 03:46:37.526188', 'YYYY-MM-DD HH24:MI:SS.FF6'),TO_TIMESTAMP('2026-06-30 03:46:37.526188', 'YYYY-MM-DD HH24:MI:SS.FF6'),NULL,100);
INSERT INTO APP_PRODUCTS ("ID", "CATEGORY_ID", "SKU", "NAME", "DESCRIPTION", "PRICE", "STATUS", "CREATED_AT", "UPDATED_AT", "IMAGE_URL", "STOCK") VALUES (19,2,'WWW.GOOGLE.COM/SEARCH?Q=ZAP','ZAP','Zaproxy alias impedit expedita quisquam pariatur exercitationem. Nemo rerum eveniet dolores rem quia dignissimos.',0,'INACTIVE',TO_TIMESTAMP('2026-06-30 03:46:37.694238', 'YYYY-MM-DD HH24:MI:SS.FF6'),TO_TIMESTAMP('2026-06-30 03:46:37.694238', 'YYYY-MM-DD HH24:MI:SS.FF6'),NULL,100);
INSERT INTO APP_PRODUCTS ("ID", "CATEGORY_ID", "SKU", "NAME", "DESCRIPTION", "PRICE", "STATUS", "CREATED_AT", "UPDATED_AT", "IMAGE_URL", "STOCK") VALUES (7,2,'ZAP','ZAP','Zaproxy alias impedit expedita quisquam pariatur exercitationem. Nemo rerum eveniet dolores rem quia dignissimos.',0,'INACTIVE',TO_TIMESTAMP('2026-06-30 03:42:39.965029', 'YYYY-MM-DD HH24:MI:SS.FF6'),TO_TIMESTAMP('2026-07-02 08:38:07.576381', 'YYYY-MM-DD HH24:MI:SS.FF6'),NULL,100);
INSERT INTO APP_PRODUCTS ("ID", "CATEGORY_ID", "SKU", "NAME", "DESCRIPTION", "PRICE", "STATUS", "CREATED_AT", "UPDATED_AT", "IMAGE_URL", "STOCK") VALUES (10,4,'HTTP://WWW.GOOGLE.COM:80/','() { :;}; echo ''x-powered-by: ShellShock-Vulnerable''','Zaproxy alias impedit expedita quisquam pariatur exercitationem. Nemo rerum eveniet dolores rem quia dignissimos.',324324,'ACTIVE',TO_TIMESTAMP('2026-06-30 03:46:37.171113', 'YYYY-MM-DD HH24:MI:SS.FF6'),TO_TIMESTAMP('2026-07-02 08:05:50.877507', 'YYYY-MM-DD HH24:MI:SS.FF6'),NULL,100);
INSERT INTO APP_PRODUCTS ("ID", "CATEGORY_ID", "SKU", "NAME", "DESCRIPTION", "PRICE", "STATUS", "CREATED_AT", "UPDATED_AT", "IMAGE_URL", "STOCK") VALUES (14,2,'HTTP://WWW.GOOGLE.COM/SEARCH?Q=ZAP','ZAP','Zaproxy alias impedit expedita quisquam pariatur exercitationem. Nemo rerum eveniet dolores rem quia dignissimos.',0,'INACTIVE',TO_TIMESTAMP('2026-06-30 03:46:37.322470', 'YYYY-MM-DD HH24:MI:SS.FF6'),TO_TIMESTAMP('2026-06-30 03:46:37.322470', 'YYYY-MM-DD HH24:MI:SS.FF6'),NULL,100);
-- Data for APP_ORDERS
INSERT INTO APP_ORDERS ("ID", "USER_ID", "STATUS", "TOTAL_AMOUNT", "RECEIVER_NAME", "RECEIVER_PHONE", "SHIPPING_ADDRESS", "NOTE", "CREATED_AT", "UPDATED_AT", "PAYMENT_METHOD", "PAYMENT_STATUS") VALUES (7,61,'DELIVERED',900000000,'Admin riel','0812956789','a, a, a, aaa','aa',TO_TIMESTAMP('2026-06-30 08:47:40.405568', 'YYYY-MM-DD HH24:MI:SS.FF6'),TO_TIMESTAMP('2026-06-30 09:58:56.327819', 'YYYY-MM-DD HH24:MI:SS.FF6'),'VIETQR','PAID');
INSERT INTO APP_ORDERS ("ID", "USER_ID", "STATUS", "TOTAL_AMOUNT", "RECEIVER_NAME", "RECEIVER_PHONE", "SHIPPING_ADDRESS", "NOTE", "CREATED_AT", "UPDATED_AT", "PAYMENT_METHOD", "PAYMENT_STATUS") VALUES (9,61,'DELIVERED',2594592,'Admin riel WAITFOR DELAY ''0:0:15'' --','0812956789','s, s, s, a',NULL,TO_TIMESTAMP('2026-06-30 11:03:29.209160', 'YYYY-MM-DD HH24:MI:SS.FF6'),TO_TIMESTAMP('2026-07-02 03:46:12.777498', 'YYYY-MM-DD HH24:MI:SS.FF6'),'CASH','PENDING');
INSERT INTO APP_ORDERS ("ID", "USER_ID", "STATUS", "TOTAL_AMOUNT", "RECEIVER_NAME", "RECEIVER_PHONE", "SHIPPING_ADDRESS", "NOTE", "CREATED_AT", "UPDATED_AT", "PAYMENT_METHOD", "PAYMENT_STATUS") VALUES (10,81,'CANCELLED',2270268,'Phú Đại','0812956789','s, s, sssss, ssss','a',TO_TIMESTAMP('2026-07-02 03:58:40.186334', 'YYYY-MM-DD HH24:MI:SS.FF6'),TO_TIMESTAMP('2026-07-02 03:59:10.525156', 'YYYY-MM-DD HH24:MI:SS.FF6'),'CASH','PENDING');
INSERT INTO APP_ORDERS ("ID", "USER_ID", "STATUS", "TOTAL_AMOUNT", "RECEIVER_NAME", "RECEIVER_PHONE", "SHIPPING_ADDRESS", "NOTE", "CREATED_AT", "UPDATED_AT", "PAYMENT_METHOD", "PAYMENT_STATUS") VALUES (11,81,'DELIVERED',324324,'Phú Đại','0812956789','s, s, s, s',NULL,TO_TIMESTAMP('2026-07-02 03:58:59.852904', 'YYYY-MM-DD HH24:MI:SS.FF6'),TO_TIMESTAMP('2026-07-02 04:41:27.183570', 'YYYY-MM-DD HH24:MI:SS.FF6'),'VIETQR','PAID');
INSERT INTO APP_ORDERS ("ID", "USER_ID", "STATUS", "TOTAL_AMOUNT", "RECEIVER_NAME", "RECEIVER_PHONE", "SHIPPING_ADDRESS", "NOTE", "CREATED_AT", "UPDATED_AT", "PAYMENT_METHOD", "PAYMENT_STATUS") VALUES (14,102,'PENDING',648648,'Phú Đại','0812956789','s, s, s, s',NULL,TO_TIMESTAMP('2026-07-02 09:06:56.848570', 'YYYY-MM-DD HH24:MI:SS.FF6'),TO_TIMESTAMP('2026-07-02 09:06:56.848570', 'YYYY-MM-DD HH24:MI:SS.FF6'),'VIETQR','PENDING');
INSERT INTO APP_ORDERS ("ID", "USER_ID", "STATUS", "TOTAL_AMOUNT", "RECEIVER_NAME", "RECEIVER_PHONE", "SHIPPING_ADDRESS", "NOTE", "CREATED_AT", "UPDATED_AT", "PAYMENT_METHOD", "PAYMENT_STATUS") VALUES (6,61,'DELIVERED',32990000,'Admin riel','0812956789','HaNoi, Thanh Trì, Hoàng Mai, Hà Nội — Hanoi City',NULL,TO_TIMESTAMP('2026-06-29 08:47:00.256253', 'YYYY-MM-DD HH24:MI:SS.FF6'),TO_TIMESTAMP('2026-06-30 11:01:02.636003', 'YYYY-MM-DD HH24:MI:SS.FF6'),'VIETQR','PAID');
INSERT INTO APP_ORDERS ("ID", "USER_ID", "STATUS", "TOTAL_AMOUNT", "RECEIVER_NAME", "RECEIVER_PHONE", "SHIPPING_ADDRESS", "NOTE", "CREATED_AT", "UPDATED_AT", "PAYMENT_METHOD", "PAYMENT_STATUS") VALUES (13,102,'PENDING',1621620,'@','0812956789','s, s, s, s',NULL,TO_TIMESTAMP('2026-07-02 09:05:17.442439', 'YYYY-MM-DD HH24:MI:SS.FF6'),TO_TIMESTAMP('2026-07-02 09:05:17.442439', 'YYYY-MM-DD HH24:MI:SS.FF6'),'VIETQR','PENDING');
INSERT INTO APP_ORDERS ("ID", "USER_ID", "STATUS", "TOTAL_AMOUNT", "RECEIVER_NAME", "RECEIVER_PHONE", "SHIPPING_ADDRESS", "NOTE", "CREATED_AT", "UPDATED_AT", "PAYMENT_METHOD", "PAYMENT_STATUS") VALUES (15,102,'PENDING',648648,'Phú Đại','0812956789','s, s, s, s',NULL,TO_TIMESTAMP('2026-07-02 09:06:57.654729', 'YYYY-MM-DD HH24:MI:SS.FF6'),TO_TIMESTAMP('2026-07-02 09:06:57.654729', 'YYYY-MM-DD HH24:MI:SS.FF6'),'VIETQR','PENDING');
INSERT INTO APP_ORDERS ("ID", "USER_ID", "STATUS", "TOTAL_AMOUNT", "RECEIVER_NAME", "RECEIVER_PHONE", "SHIPPING_ADDRESS", "NOTE", "CREATED_AT", "UPDATED_AT", "PAYMENT_METHOD", "PAYMENT_STATUS") VALUES (2,41,'CANCELLED',23456,'Phú','0812956799','HaNoi, Thanh Trì, Hoàng Mai, Hà Nội — Hanoi City',NULL,TO_TIMESTAMP('2026-06-26 15:57:23.933134', 'YYYY-MM-DD HH24:MI:SS.FF6'),TO_TIMESTAMP('2026-06-30 11:00:32.866639', 'YYYY-MM-DD HH24:MI:SS.FF6'),'CASH','PENDING');
INSERT INTO APP_ORDERS ("ID", "USER_ID", "STATUS", "TOTAL_AMOUNT", "RECEIVER_NAME", "RECEIVER_PHONE", "SHIPPING_ADDRESS", "NOTE", "CREATED_AT", "UPDATED_AT", "PAYMENT_METHOD", "PAYMENT_STATUS") VALUES (3,41,'DELIVERED',33013456,'Phú','0812956799','HaNoi, Thanh Trì, Hoàng Mai, Hà Nội — Hanoi City',NULL,TO_TIMESTAMP('2026-06-26 16:05:24.485795', 'YYYY-MM-DD HH24:MI:SS.FF6'),TO_TIMESTAMP('2026-06-29 09:07:40.190803', 'YYYY-MM-DD HH24:MI:SS.FF6'),'CASH','PENDING');
INSERT INTO APP_ORDERS ("ID", "USER_ID", "STATUS", "TOTAL_AMOUNT", "RECEIVER_NAME", "RECEIVER_PHONE", "SHIPPING_ADDRESS", "NOTE", "CREATED_AT", "UPDATED_AT", "PAYMENT_METHOD", "PAYMENT_STATUS") VALUES (8,61,'DELIVERED',332990000,'Admin riel','0812956789','s, s, s, a',NULL,TO_TIMESTAMP('2026-06-30 09:59:15.587922', 'YYYY-MM-DD HH24:MI:SS.FF6'),TO_TIMESTAMP('2026-06-30 09:59:35.084496', 'YYYY-MM-DD HH24:MI:SS.FF6'),'CASH','PENDING');
INSERT INTO APP_ORDERS ("ID", "USER_ID", "STATUS", "TOTAL_AMOUNT", "RECEIVER_NAME", "RECEIVER_PHONE", "SHIPPING_ADDRESS", "NOTE", "CREATED_AT", "UPDATED_AT", "PAYMENT_METHOD", "PAYMENT_STATUS") VALUES (12,102,'PENDING',648648,'Phú Đại','0812956789','s, s, s, s',NULL,TO_TIMESTAMP('2026-07-02 09:05:16.215731', 'YYYY-MM-DD HH24:MI:SS.FF6'),TO_TIMESTAMP('2026-07-02 09:05:16.215731', 'YYYY-MM-DD HH24:MI:SS.FF6'),'VIETQR','PENDING');
INSERT INTO APP_ORDERS ("ID", "USER_ID", "STATUS", "TOTAL_AMOUNT", "RECEIVER_NAME", "RECEIVER_PHONE", "SHIPPING_ADDRESS", "NOTE", "CREATED_AT", "UPDATED_AT", "PAYMENT_METHOD", "PAYMENT_STATUS") VALUES (4,61,'DELIVERED',46912,'Admin riel','0812956789','HaNoi, Thanh Trì, Hoàng Mai, Hà Nội — Hanoi City','asdsd',TO_TIMESTAMP('2026-06-26 17:06:32.062387', 'YYYY-MM-DD HH24:MI:SS.FF6'),TO_TIMESTAMP('2026-06-30 11:00:44.025374', 'YYYY-MM-DD HH24:MI:SS.FF6'),'VIETQR','PAID');
INSERT INTO APP_ORDERS ("ID", "USER_ID", "STATUS", "TOTAL_AMOUNT", "RECEIVER_NAME", "RECEIVER_PHONE", "SHIPPING_ADDRESS", "NOTE", "CREATED_AT", "UPDATED_AT", "PAYMENT_METHOD", "PAYMENT_STATUS") VALUES (5,61,'DELIVERED',23456,'Admin riel','0812956789','HaNoi, Thanh Trì, Hoàng Mai, Hà Nội — Hanoi City',NULL,TO_TIMESTAMP('2026-06-26 17:11:38.630743', 'YYYY-MM-DD HH24:MI:SS.FF6'),TO_TIMESTAMP('2026-06-26 17:13:15.919019', 'YYYY-MM-DD HH24:MI:SS.FF6'),'VIETQR','PAID');
-- Data for APP_ORDER_ITEMS
INSERT INTO APP_ORDER_ITEMS ("ID", "ORDER_ID", "PRODUCT_ID", "PRODUCT_NAME", "PRODUCT_SKU", "UNIT_PRICE", "QUANTITY", "SUBTOTAL") VALUES (7,7,5,'IPHONE 100 Promax','IP100PM',300000000,3,900000000);
INSERT INTO APP_ORDER_ITEMS ("ID", "ORDER_ID", "PRODUCT_ID", "PRODUCT_NAME", "PRODUCT_SKU", "UNIT_PRICE", "QUANTITY", "SUBTOTAL") VALUES (10,9,9,'s','HTTP://WWW.GOOGLE.COM/',324324,4,1297296);
INSERT INTO APP_ORDER_ITEMS ("ID", "ORDER_ID", "PRODUCT_ID", "PRODUCT_NAME", "PRODUCT_SKU", "UNIT_PRICE", "QUANTITY", "SUBTOTAL") VALUES (11,9,10,'s','HTTP://WWW.GOOGLE.COM:80/',324324,4,1297296);
INSERT INTO APP_ORDER_ITEMS ("ID", "ORDER_ID", "PRODUCT_ID", "PRODUCT_NAME", "PRODUCT_SKU", "UNIT_PRICE", "QUANTITY", "SUBTOTAL") VALUES (12,10,68,'s','SDSDS) WAITFOR DELAY ''0:0:15'' (',324324,6,1945944);
INSERT INTO APP_ORDER_ITEMS ("ID", "ORDER_ID", "PRODUCT_ID", "PRODUCT_NAME", "PRODUCT_SKU", "UNIT_PRICE", "QUANTITY", "SUBTOTAL") VALUES (13,10,69,'s WAITFOR DELAY ''0:0:15'' --','SDSDS',324324,1,324324);
INSERT INTO APP_ORDER_ITEMS ("ID", "ORDER_ID", "PRODUCT_ID", "PRODUCT_NAME", "PRODUCT_SKU", "UNIT_PRICE", "QUANTITY", "SUBTOTAL") VALUES (14,11,69,'s WAITFOR DELAY ''0:0:15'' --','SDSDS',324324,1,324324);
INSERT INTO APP_ORDER_ITEMS ("ID", "ORDER_ID", "PRODUCT_ID", "PRODUCT_NAME", "PRODUCT_SKU", "UNIT_PRICE", "QUANTITY", "SUBTOTAL") VALUES (17,14,66,'DBhpFUZL','ZKMJAURF',324324,2,648648);
INSERT INTO APP_ORDER_ITEMS ("ID", "ORDER_ID", "PRODUCT_ID", "PRODUCT_NAME", "PRODUCT_SKU", "UNIT_PRICE", "QUANTITY", "SUBTOTAL") VALUES (6,6,3,'MacBook Air M3 13-inch','MACBOOKM3',32990000,1,32990000);
INSERT INTO APP_ORDER_ITEMS ("ID", "ORDER_ID", "PRODUCT_ID", "PRODUCT_NAME", "PRODUCT_SKU", "UNIT_PRICE", "QUANTITY", "SUBTOTAL") VALUES (16,13,66,'DBhpFUZL','ZKMJAURF',324324,5,1621620);
INSERT INTO APP_ORDER_ITEMS ("ID", "ORDER_ID", "PRODUCT_ID", "PRODUCT_NAME", "PRODUCT_SKU", "UNIT_PRICE", "QUANTITY", "SUBTOTAL") VALUES (18,15,66,'DBhpFUZL','ZKMJAURF',324324,2,648648);
INSERT INTO APP_ORDER_ITEMS ("ID", "ORDER_ID", "PRODUCT_ID", "PRODUCT_NAME", "PRODUCT_SKU", "UNIT_PRICE", "QUANTITY", "SUBTOTAL") VALUES (1,2,4,'BUI DAI PHU','QQWEWEWQ',23456,1,23456);
INSERT INTO APP_ORDER_ITEMS ("ID", "ORDER_ID", "PRODUCT_ID", "PRODUCT_NAME", "PRODUCT_SKU", "UNIT_PRICE", "QUANTITY", "SUBTOTAL") VALUES (2,3,3,'MacBook Air M3 13-inch','MACBOOKM3',32990000,1,32990000);
INSERT INTO APP_ORDER_ITEMS ("ID", "ORDER_ID", "PRODUCT_ID", "PRODUCT_NAME", "PRODUCT_SKU", "UNIT_PRICE", "QUANTITY", "SUBTOTAL") VALUES (3,3,4,'BUI DAI PHU','QQWEWEWQ',23456,1,23456);
INSERT INTO APP_ORDER_ITEMS ("ID", "ORDER_ID", "PRODUCT_ID", "PRODUCT_NAME", "PRODUCT_SKU", "UNIT_PRICE", "QUANTITY", "SUBTOTAL") VALUES (8,8,3,'MacBook Air M3 13-inch','MACBOOKM3',32990000,1,32990000);
INSERT INTO APP_ORDER_ITEMS ("ID", "ORDER_ID", "PRODUCT_ID", "PRODUCT_NAME", "PRODUCT_SKU", "UNIT_PRICE", "QUANTITY", "SUBTOTAL") VALUES (9,8,5,'IPHONE 100 Promax','IP100PM',300000000,1,300000000);
INSERT INTO APP_ORDER_ITEMS ("ID", "ORDER_ID", "PRODUCT_ID", "PRODUCT_NAME", "PRODUCT_SKU", "UNIT_PRICE", "QUANTITY", "SUBTOTAL") VALUES (15,12,66,'DBhpFUZL','ZKMJAURF',324324,2,648648);
INSERT INTO APP_ORDER_ITEMS ("ID", "ORDER_ID", "PRODUCT_ID", "PRODUCT_NAME", "PRODUCT_SKU", "UNIT_PRICE", "QUANTITY", "SUBTOTAL") VALUES (4,4,4,'BUI DAI PHU','QQWEWEWQ',23456,2,46912);
INSERT INTO APP_ORDER_ITEMS ("ID", "ORDER_ID", "PRODUCT_ID", "PRODUCT_NAME", "PRODUCT_SKU", "UNIT_PRICE", "QUANTITY", "SUBTOTAL") VALUES (5,5,4,'BUI DAI PHU','QQWEWEWQ',23456,1,23456);
